,panel_name,loan_amount,originations,banksize
0,"1ST ALLIANCE LENDING, LLC",7613,30,3
1,1ST CONSTITUTION BK,224,1,3
2,ABINGTON BK,65579,208,2
3,ACADEMY MORTGAGE CORPORATION,10394,25,3
4,ACCESS NB,1652,6,3
5,ADAMS CMNTY BK,175,1,3
6,ADMIRALS BK,3230,83,3
7,ADVANCIAL FCU,3925,10,3
8,ADVANTAGE BK,390,1,3
9,AFFILIATED MORTGAGE COMPANY,405,1,3
10,ALERUS FNCL NA,1028,1,3
11,ALIGN CU,17414,57,3
12,ALLCOM CU,980,5,3
13,ALLIANT CU,35904,62,2
14,ALLIED FIRST BK SB,378,2,3
15,ALLIED MORTGAGE GROUP,17174,60,3
16,AMER AIRLINES FCU,3349,25,3
17,AMERICAN B&TC NA,512,1,3
18,AMERICAN BK,7937,26,3
19,AMERICAN EQUITY MORTGAGE,1596,7,3
20,"AMERICAN EQUITY MORTGAGE, INC",1184,4,3
21,AMERICAN FEDERAL MORTGAGE COPR,2965,10,3
22,AMERICAN FINANCE HOUSE LARIBA,1631,5,3
23,AMERICAN FINANCIAL RESOURCES,57752,205,2
24,AMERICAN FINANCING CORPORATION,886,4,3
25,AMERICAN INTERNET MORTGAGE,28184,95,3
26,AMERICAN MW BK,560,1,3
27,AMERICAN NATIONWIDE MORTGAGE C,315,1,3
28,AMERICAN NEIGHBORHOOD MORTGAGE,76177,239,2
29,AMERICASH,1260,5,3
30,AMERISAVE MORTGAGE CORPORATION,67642,217,2
31,ANDREWS FCU,702,2,3
32,ANHEUSER-BUSCH EMPL CU,633,2,3
33,ARK-LA-TEX FINANCIAL SERVICES,47688,160,2
34,ARMED FORCES BK NA,300,1,3
35,ARVEST BK,191,1,3
36,ASTORIA BK,3014,5,3
37,ASTORIA FEDERAL MTG. CORP.,47004,72,2
38,ATHOL SVG BK,203,1,3
39,"ATLANTIC HOME LENDING, INC",39562,130,2
40,ATLANTIC HOME LOANS INC.,7975,23,3
41,AVIDIA BK,85142,160,2
42,AVON CO-OP BK,21235,100,3
43,B2R FINANCE L.P.,5943,23,3
44,BAC FL BK,903,1,3
45,BANC OF CA NA,22668,64,3
46,BANGOR SVG BK,689,1,3
47,BANK FUND STAFF FCU,1609,4,3
48,BANK OF AMER NA,1921483,4222,1
49,BANK OF CANTON,819358,2476,1
50,BANK OF CAPE COD,6973,12,3
51,BANK OF EASTON,16766,57,3
52,BANK OF ENGLAND,27229,82,3
53,BANK OF ME,15611,42,3
54,BANK OF NH,2372,41,3
55,BANK OF SPRINGFIELD,310,1,3
56,BANK RHODE ISLAND,11443,6,3
57,BANK SNB,575,1,3
58,BANK2,372,1,3
59,BANKGLOUCESTER,6601,7,3
60,BANKNEWPORT,5366,15,3
61,BARRE SVG BK,395,1,3
62,BARRINGTON B&TC NA,79613,226,2
63,BARRONS MORTGAGE GROUP,10013,29,3
64,BAXTER CU,23962,42,3
65,BAY ST SVG BK,36810,95,2
66,BAYCOAST BK,53521,302,2
67,BCB CMNTY BK,100,1,3
68,BELMONT SVG BK,292542,470,2
69,BENCHMARK BK,4091,13,3
70,BERKELEY POINT CAPITAL,108784,4,2
71,BERKSHIRE BK,474488,1079,2
72,BETHPAGE FCU,418,2,3
73,BEVERLY BK,25821,30,3
74,BEVERLY CO-OP BK,14965,13,3
75,BLACKSTONE RIVER FCU,140,4,3
76,BLUE HILLS BK,505768,1185,2
77,BMI FCU,432,1,3
78,BMO HARRIS BK NA,4223,5,3
79,BNY MELLON NA,218517,214,2
80,BOFI FED BK,13534,14,3
81,BOKF NA,17008,44,3
82,BOSTON FRFTRS CU,93753,317,2
83,BOSTON PRIVATE B&TC,733724,807,1
84,BRAINTREE CO-OP BK,81493,309,2
85,BRANCH BKG&TC,56911,99,2
86,BRIDGEVIEW BANK MTG COMP LLC,3912,13,3
87,BRIDGEVIEW BK GRP,298,1,3
88,BRIDGEWATER CU,58947,252,2
89,BRIDGEWATER SVG BK,202556,711,2
90,BRISTOL CTY SVG BK,108609,291,2
91,"BROKER SOLUTIONS, INC",34156,111,2
92,BROOKLINE BK,317912,322,2
93,BROTHERHOOD CU,1453,6,3
94,BURKE & HERBERT B&TC,223,1,3
95,"CALIBER HOME LOANS, INC.",112904,347,2
96,CAMBRIDGE MTG GRP,119163,411,2
97,CAMBRIDGE PORTUGUESE CU,601,8,3
98,CAMBRIDGE SVG BK,262278,419,2
99,CAMBRIDGE TC,187600,257,2
100,CAMDEN NB,102558,331,2
101,CANTON CO-OP BK,30942,113,3
102,CAPE ANN SVG BK,2285,6,3
103,CAPE COD CO-OP BK,23052,66,3
104,CAPE COD FIVE CENTS SVG BK,157368,464,2
105,CAPITAL BANK NA,4570,13,3
106,CAPITAL ONE NA,353429,185,2
107,CAPITOL FSB,11697,25,3
108,CARROLLTON BK,417,1,3
109,CATHAY BK,20271,36,3
110,CBC NB,33003,106,2
111,CENT MTG CO D/B/A CENTURY LEND,326,1,3
112,CENTRAL ONE FED CU,9125,29,3
113,CENTREVILLE BANK,1985,5,3
114,CENTURY B&TC,97810,530,2
115,CERTUSBANK NA,1951,7,3
116,CHARLES RIVER BK,46053,205,2
117,CHARLES SCHWAB BK,57564,65,2
118,CHELSEA BK,4295,22,3
119,CHEMUNG CANAL TC,701,2,3
120,CHICOPEE SVG BK,730,2,3
121,CIT BK NA,1007,1,3
122,CITIBANK NA,651381,1297,1
123,"CITIMORTGAGE, INC.",347,1,3
124,CITIZENS BK NA,735555,2120,1
125,"CITIZENS BK, NA",259381,881,2
126,CITIZENS NB OF GREATER STL,168,1,3
127,CITIZENS ST BK,4,1,3
128,CITY NB,5862,4,3
129,CITY OF BOSTON CU,120561,754,2
130,CLEARVIEW FCU,800,5,3
131,CLINTON SVG BK,35314,46,2
132,CMNTY BK OAK PARK RIVER FOREST,523,2,3
133,CNB MORTGAGE COMPANY,288,1,3
134,COASTAL HERITAGE BANK,47208,134,2
135,COASTAL HERITAGE BK,64665,167,2
136,COASTWAY CMNTY BK,45782,89,2
137,COLE TAYLOR BK,32380,107,2
138,COLONIAL FSB,63614,217,2
139,COLONIAL SVG FA,834,4,3
140,COLORADO FSB,14887,44,3
141,COMERICA BK,7268,2,3
142,COMMERCE B&TC,76669,160,2
143,COMMERCE BK,400,1,3
144,COMMONWEALTH CO-OP BK,50849,101,2
145,"COMMONWEALTH MORTGAGE, LLC",200266,679,2
146,COMMONWEALTH UTILITIES EMPL CU,637,9,3
147,COMMUNITY CU OF LYNN,5397,18,3
148,COMMUNITY FSB,31300,101,3
149,COMMUNITY ST BK OF MO,525,1,3
150,COMPASS BK,7397,8,3
151,CONGRESSIONAL BK,5953,19,3
152,CONGRESSIONAL FCU,290,1,3
153,CONNECTICUT HOME MORTGAGE,721,2,3
154,CONNEXUS CU,625,8,3
155,"CONTINENTAL HOME LOANS, INC",2619,7,3
156,CONTOUR MORTGAGE CORPORATION,3206,11,3
157,COOPERATIVE BK,151688,300,2
158,CORNING FCU,30,1,3
159,"CORTRUST MORTGAGE, INC.",417,1,3
160,COUNTRY BK FOR SVG,5149,6,3
161,COUNTRYSIDE FCU,540,2,3
162,COVENTRY CU,7121,64,3
163,CRESCENT CU,67930,378,2
164,CRESCENT MTG CO,26494,87,3
165,CROSSCOUNTRY MORTGAGE INC.,85257,253,2
166,CUSTOMERS BK,23950,4,3
167,DB PRIVATE WEALTH MORTGAGE,13575,8,3
168,DEAN CO-OP BK,101635,425,2
169,DEDHAM INST FOR SVG,432078,883,2
170,DEERE EMPL CU,36,1,3
171,DELTA CMNTY CU,752,2,3
172,DEPARTMENT OF CMRC FCU,196,1,3
173,DEVON BK,300,1,3
174,DIGITAL FCU,293471,944,2
175,DIME BK,318,1,3
176,DIRECT FED CU,109362,334,2
177,DISCOVER BK,681,10,3
178,DISCOVER HOME LOANS,37475,148,2
179,DITECH FINANCIAL LLC,211622,844,2
180,DITECH MORTGAGE CORP,28895,87,3
181,DOLLAR BK FSB,24593,40,3
182,DRAPER AND KRAMER MORTGAGE COR,3181,8,3
183,"DREW MORTGAGE ASSOCIATES, INC.",31465,99,3
184,"E MORTGAGE MANAGEMENT, LLC",36116,133,2
185,EAGLE BK,22675,66,3
186,EAST BOSTON SAVINGS BANK,367512,311,2
187,EAST BOSTON SVG BK,532822,566,1
188,EAST CAMBRIDGE SVG BK,150679,230,2
189,EAST WEST BK,38248,51,2
190,EASTERN BK,899979,3092,1
191,EASTHAMPTON SVG BK,1235,3,3
192,EASTMAN CU,200,1,3
193,EDISON NB,523,1,3
194,"EMBRACE HOME LOANS, INC.",145382,509,2
195,EMIGRANT FUNDING CORP,3787,10,3
196,"EMIGRANT MORTGAGE COMPANY, INC",4931,12,3
197,EMPLOYERS REASSURANCE CORP,2050,1,3
198,ENERGY CU,6329,33,3
199,ENTERPRISE B&TC,23412,39,3
200,"ENVOY MORTGAGE, LTD",93292,310,2
201,EQUITABLE BANK,32339,268,2
202,EQUITABLE CO-OP BK,1096,7,3
203,"EQUITY LOANS, LLC",7825,23,3
204,EVERBANK,236350,542,2
205,EVERENCE FCU,254,1,3
206,EVERETT CO-OP BK,56447,100,2
207,EVERETT CU,2245,11,3
208,EVERETT FINANCIAL INC.,1508,4,3
209,EVOLVE B&TC,34082,118,2
210,FAIRFIELD CTY BK,417,1,3
211,FAIRWAY INDP MORTGAGE CORP,988207,2993,1
212,FALL RIVER FIVE CENTS SVGS BK,23612,165,3
213,FALL RIVER MUNI CU,2162,19,3
214,FAMILY FED SVG,12463,41,3
215,"FARM CREDIT EAST, ACA",6754,18,3
216,FARMERS B&TC,739,3,3
217,FARMERS BANK & TRUST,324,2,3
218,FARMINGTON BK,46735,83,2
219,"FBC MORTGAGE, LLC",292829,845,2
220,FEARON FINANCIAL LLC,5878,11,3
221,FEDERAL SVGS BK,35774,111,2
222,FEDEX EMPL CA FCU,23,1,3
223,FFC MORTGAGE CORP,2203,8,3
224,FIDELITY CO-OP BK,27689,81,3
225,FIFTH THIRD MTG CO,35608,65,2
226,FINANCE OF AMERICA MORTGAGE,78175,262,2
227,"FINANCE OF AMERICA REVERSE, LL",155,1,3
228,FINANCIAL RESOURCES FCU,1883,7,3
229,FINEMARK NB&TC,444,1,3
230,FIRST AMERICAN MORTGAGE TRUST,13147,38,3
231,FIRST BK,2437,9,3
232,FIRST CHOICE LOAN SERVICES INC,6500,21,3
233,FIRST CITIZENS FCU,40036,195,2
234,FIRST COMMAND BK,365,1,3
235,FIRST COMMONS BK NA,81368,124,2
236,FIRST EXCH BK,341,1,3
237,FIRST FED BK FSB,3966,12,3
238,FIRST FED BK OF FL,3588,10,3
239,FIRST FED BK OF KS CITY,2898,9,3
240,FIRST FSB OF BOSTON,191230,648,2
241,FIRST GUARANTY MORTGAGE CORP,22995,78,3
242,FIRST HOME MORTGAGE CORPORATIO,232676,827,2
243,FIRST INTERNET BK IN,10073,29,3
244,FIRST IPSWICH BK,13298,26,3
245,FIRST MARINER BK,3147,9,3
246,FIRST MW BK,56,6,3
247,FIRST NB,1367,2,3
248,FIRST NB AMER,1327,6,3
249,FIRST NIAGARA BK NA,158891,189,2
250,FIRST PRIORITY CU,13555,66,3
251,FIRST REPUBLIC BK,1714343,1934,1
252,FIRST ST BK,196,1,3
253,FIRST TECH FCU,1849,9,3
254,FIRST TRADE UNION BK,5771,11,3
255,FIRST WESTERN TR BK,3575,11,3
256,FIRSTBANK,42711,142,2
257,FIRSTRUST SVG BK,96880,297,2
258,FLAGSTAR BK FSB,112583,366,2
259,FLORIDA CAP BK NA,443,1,3
260,"FM HOME LOANS, LLC",665,1,3
261,FORT SILL NB,818,1,3
262,FOUR POINTS FCU,189,1,3
263,FOXBORO FED SVGS,43216,222,2
264,FRANKLIN AMERICAN MORTGAGE CO,171669,595,2
265,"FRANKLIN FIRST FINANCIAL, LTD",8550,25,3
266,FRB FCU,80,1,3
267,FREEDOM MORTGAGE CORPORATION,226610,768,2
268,FREEDOM NB,261,1,3
269,FRONTIER BK,1940,4,3
270,GA BKG CO,1061,4,3
271,GATEWAY FUNDING DIV MTG SVCS,8538,31,3
272,GENERATIONS BK,137,2,3
273,GEORGETOWN BK,23790,50,3
274,GERMAN AMER BC,152,1,3
275,GERSHMAN INVESTMENT CORPORATIO,2391,1,3
276,GFA FCU,269,1,3
277,GLADEWATER NB,44370,149,2
278,GMH MORTGAGE SERVICES LLC,102144,329,2
279,GOLDMAN SACHS BK USA,94758,59,2
280,GOLDWATER BK NA,11297,40,3
281,GORHAM SVG BK,620,1,3
282,GRAFTON SUBURBAN CU,43,1,3
283,GREAT LAKES CU,533,2,3
284,GREAT PLAINS NB,16168,56,3
285,GREENFIELD CO-OP BK,523,1,3
286,GREENWOOD CU,1147,11,3
287,GREYLOCK FCU,321,3,3
288,GSF MORTGAGE CORP,138,1,3
289,GUARANTEED RATE INC.,1960483,5599,1
290,GUARANTY BK,4040,6,3
291,GUARDHILL FINANCIAL CORP,2758,4,3
292,"GUIDANCE RESIDENTIAL, LLC",14223,48,3
293,GUILD MORTGAGE COMPANY,4508,15,3
294,HABIB AMER BK,6305,2,3
295,HAMPDEN BK,765,11,3
296,HANSCOM FCU,50158,186,2
297,HARBORONE BK,370086,1431,2
298,HARTFORD FUNDING LTD,201,1,3
299,HARVARD UNIV EMPL CU,114807,359,2
300,HAVERHILL BK,1777,3,3
301,HERRING BK,162,1,3
302,HINGHAM FCU,141,3,3
303,HINGHAM INST FOR SVG,559081,1068,1
304,HOLBROOK CO-OP BK,5453,15,3
305,HOME LOAN INV BK FSB,38944,184,2
306,HOME POINT FINANCIAL CORP,99808,326,2
307,HOMEBRIDGE FINANCIAL SERVICES,21677,70,3
308,HOMEFIELD CREDIT UNION,780,5,3
309,HOMEFIELD CU,752,2,3
310,HOMESTAR BK & FS,2,1,3
311,"HOMESTAR MORTGAGE, INC.",3552,12,3
312,HOMESTEAD FUNDING CORP,12260,39,3
313,"HOMESVCS LENDING LLC, SERIES A",540,1,3
314,HOMETOWN BK,1230,3,3
315,HOMETOWN BK A CO-OP BK,3640,7,3
316,"HOMEWARD RESIDENTIAL, INC",2019,4,3
317,HOWARD BK,8277,32,3
318,HSBC BK USA NA,40856,58,2
319,HUDSON CITY SVG BK FSB,28142,43,3
320,HUNTINGTON NB,9551,21,3
321,IBERIABANK,335,1,3
322,IDB-IIC FCU,360,1,3
323,IFREEDOM DIRECT CORP,17812,58,3
324,INDEPENDENT BK,250,1,3
325,INDUSTRIAL & CMRL BK,5962,10,3
326,INDUSTRIAL CU,7657,21,3
327,INLAND B&TC,10516,31,3
328,INLANTA MORTGAGE,25863,90,3
329,INOVA FCU,144,1,3
330,INSTITUTION SVG IN NEWBURYPORT,114247,217,2
331,INTEGRITY FIRST FINANCIAL GR,22021,65,3
332,INTERCONTINENTAL CAPITAL GROUP,16677,53,3
333,INTERNATIONAL BK OF CHICAGO,333,1,3
334,JAMES B. NUTTER & COMPANY,367,2,3
335,JEANNE D'ARC CU,147701,423,2
336,JG WENTWORTH HOME LENDING LLC,9512,30,3
337,JPMORGAN CHASE BK NA,1880435,2866,1
338,JUSTICE FCU,525,3,3
339,KANSAS ST BK OF MANHATTAN,2145,6,3
340,"KELLER MORTGAGE, LLC",4434,9,3
341,KEYBANK NA,147552,13,2
342,KINECTA FCU,21070,72,3
343,KS STATEBANK,14190,31,3
344,LAFAYETTE FCU,240,1,3
345,LAKE SUNAPEE BK FSB,5784,12,3
346,"LAKEVIEW LOAN SERVICING, LLC",50990,168,2
347,LAND HOME FINANCIAL SERVICES,6152,19,3
348,"LEADER MORTGAGE COMPANY, INC.",97556,242,2
349,LEE BK,554,2,3
350,"LENDERLIVE NETWORK, INC.",229,1,3
351,LENOX FINANCIAL MORTGAGE CORP,3825,13,3
352,LEOMINSTER CU,1368,9,3
353,LIBERTY BAY CU,93462,387,2
354,LIBERTY HOME EQUITY SOLUTIONS,3482,18,3
355,"LIMA ONE CAPITAL, LLC",147,1,3
356,"LIVE WELL FINANCIAL, INC.",2152,10,3
357,LOANDEPOT.COM,1938749,5837,1
358,LOGIX FCU,335,1,3
359,"LONGBRIDGE FINANCIAL, LLC",2397,8,3
360,LOWELL FIVE CENT SVG BK,16895,34,3
361,LSI MORTGAGE PLUS,900,3,3
362,LUXURY MORTGAGE CORP.,23403,57,3
363,M&T RLTY CAP CORP,43466,7,2
364,MACHIAS SVG BK,795,2,3
365,MACKINAC SVG BK FSB,7658,25,3
366,MAGNOLIA BK,1844,6,3
367,MANSFIELD CO-OP BK,85857,200,2
368,MANUFACTURERS & TRADERS TC,162405,63,2
369,MARBLEHEAD BK,793,2,3
370,MARLBOROUGH SVG BK,8023,21,3
371,MARTHA'S VINEYARD SB,4250,12,3
372,MASS BAY CU,16970,346,3
373,MASSACHUSETTS INST TECH FC,3896,52,3
374,MASSMUTUAL FCU,1191,4,3
375,MAVERICK FUNDING,19783,71,3
376,MB FNCL BK NA,101261,324,2
377,MEADOWBROOK FINANCIAL MORTGAGE,161,1,3
378,MECHANICS CO-OP BK,42257,139,2
379,MEETINGHOUSE BK,208993,677,2
380,MELROSE CO-OP BK,16280,16,3
381,"MEMBER ADVANTAGE MORTGAGE, LLC",2474,9,3
382,"MEMBERS MORTGAGE COMPANY, INC.",112948,375,2
383,MEMBERS PLUS CU,33893,160,2
384,MERCHANTS BK,240,1,3
385,MERIDIAN BK,779,2,3
386,MERIDIAN RESIDENTIAL CAPITAL,275,1,3
387,MERRIMACK MORTGAGE COMPANY,325717,1007,2
388,MERRIMACK VALLEY FCU,7180,24,3
389,METRO CU,273332,860,2
390,METROPOLITAN HOME MORTGAGE,11220,40,3
391,METROWEST CMNTY FCU,827,9,3
392,"MID AMERICA MORTGAGE, INC",1161,4,3
393,MID-ISLAND MORTGAGE CORP.,38287,118,2
394,MIDCOUNTRY BK,1050,1,3
395,MIDDLESEX FED SVG FA,27507,46,3
396,MIDDLESEX SVG BK,228128,558,2
397,MIDFIRST BK,629,2,3
398,MIDWEST CMNTY BK,1508,5,3
399,"MILEND, INC.",33942,117,2
400,MILFORD FS&LA,44071,201,2
401,MILFORD NB&TC,9368,29,3
402,MILITARY FAMILY HOME LOANS,2164,7,3
403,MILL CITY CU,364,2,3
404,MILLBURY FCU,1841,4,3
405,MILLBURY NB,350,1,3
406,MILLBURY SVG BK,1635,4,3
407,MILLENNIUM BK,615,2,3
408,MLD MORTGAGE INC.,5558,16,3
409,"MMS MORTGAGE SERVICES, LTD.",1225,5,3
410,MONSON SVG BK,4064,10,3
411,MORGAN STANLEY PRIV BK NA,237837,322,2
412,MORTGAGE EQUITY PARTNERS,70327,205,2
413,"MORTGAGE FINANCIAL SERVICES,IN",188891,568,2
414,MORTGAGE LENDERS OF AMERICA,9586,31,3
415,"MORTGAGE MASTER, INC.",510220,1636,1
416,"MORTGAGE NETWORK, INC",599129,1852,1
417,"MORTGAGE RESEARCH CENTER, LLC",83797,276,2
418,"MORTGAGE SERVICES III, L.L.C.",243,1,3
419,MORTGAGE SOLUTIONS OF COLORADO,617,3,3
420,MOUNTAINONE BK,198984,429,2
421,"MOVEMENT MORTGAGE, LLC",21226,69,3
422,MSA MORTGAGE LLC,502066,1436,2
423,MUTUAL BK,114561,734,2
424,MUTUAL FIRST FCU,25675,21,3
425,MUTUAL OMAHA BK,998,1,3
426,MUTUALONE BK,73246,127,2
427,MWABANK,568,1,3
428,NAPUS FCU,270,1,3
429,NASA FCU,640,1,3
430,NATIONAL BK OF KANSAS CITY,9354,30,3
431,NATIONAL GRAND BK OF MARBLEH,259,1,3
432,"NATIONS DIRECT MORTGAGE, LLC",8070,25,3
433,NATIONS LENDING CORPORATION,15372,55,3
434,NATIONSTAR MORTGAGE LLC,149675,627,2
435,NATIONWIDE ADVANTAGE MORTGAGE,276,1,3
436,NATIONWIDE BK,607,2,3
437,NAVEO CU,5931,40,3
438,NAVIGANT CU,11837,51,3
439,NAVY FCU,86466,283,2
440,NBKC BK,7842,21,3
441,NBT BK NA,280,1,3
442,NCB FSB,800,1,3
443,NE MOVES MORTGAGE,248443,806,2
444,NEEDHAM BK,996480,1450,1
445,NESC FCU,533,3,3
446,NETWORK CAPITAL FUNDING GROUP,7927,31,3
447,"NETWORK FUNDING, L.P.",7104,24,3
448,NEW BEDFORD CU,1404,15,3
449,NEW ENGLAND FCU,3715,14,3
450,NEW ENGLAND REGIONAL MORTGAGE,3384,12,3
451,NEW ENGLAND TEAMSTERS FCU,2328,21,3
452,NEW FED MORTGAGE CORP,189580,596,2
453,NEW PENN FINANCIAL LLC,139600,429,2
454,NEW YORK CMNTY BK,101852,306,2
455,NEWBURYPORT FIVE CNT SVG BK,4575,10,3
456,"NEWDAY FINANCIAL, LLC",30633,94,3
457,NEXBANK SSB,560,1,3
458,"NFC MORTGAGE COMPANY, LLC",31879,93,2
459,"NFM, INC",21467,70,3
460,NORCOM MORTGAGE,69992,241,2
461,NORTH AMER SVG BK FSB,31013,89,3
462,NORTH BROOKFIELD SVG BK,2416,19,3
463,NORTH CAMBRIDGE CO-OP BK,1836,5,3
464,NORTH EASTON SVG BK,53256,177,2
465,NORTH MIDDLESEX SVG BK,13436,32,3
466,NORTH SHORE BK A CO-OP BK,12518,25,3
467,NORTHEAST BK,14968,45,3
468,NORTHEAST CMNTY BK,11267,24,3
469,NORTHEAST CU,30,1,3
470,"NORTHEAST HOME LOAN, LLC",41575,88,2
471,NORTHERN B&TC,95975,157,2
472,NORTHERN TC,27139,18,3
473,NORTHMARK BK,11801,20,3
474,"NORTHPOINT MORTGAGE, INC.",39050,130,2
475,NORTHPOINTE BK,10146,31,3
476,NORTHWEST FCU,2007,6,3
477,NORWOOD CO-OP BK,182540,626,2
478,NOTRE DAME COMMUNITY FCU,47,2,3
479,NOTRE DAME FCU,455,1,3
480,NRL FCU,225,1,3
481,NYCB MORTGAGE COMPANY LLC,71929,225,2
482,OAKSTAR BK,246,1,3
483,OCEANSIDE MORTGAGE COMPANY,10880,37,3
484,"OCMBC, INC",2934,8,3
485,"OCWEN LOAN SERVICING, LLC",290449,993,2
486,"ONE REVERSE MORTGAGE, LLC",1043,5,3
487,ONEUNITED BK,4942,11,3
488,OPTIMA B&TC,726,2,3
489,PACIFIC MERC BK,300,1,3
490,PACIFIC UNION FINANCIAL LLC,147927,511,2
491,PARAMOUNT RESIDENTIAL MORTGAGE,16497,55,3
492,PARKSIDE LENDING LLC,12036,36,3
493,PATHFINDER BK,660,2,3
494,PATRIOT COMNTY BK,134954,283,2
495,PAWTUCKET CU,16891,64,3
496,PENNYMAC LOAN SERVICES LLC,40128,133,2
497,PENTAGON FCU,16505,70,3
498,PENTUCKET BK,2483,3,3
499,PEOPLES BK,37440,125,2
500,PEOPLES CU,1722,15,3
501,PEOPLES FSB,33393,81,2
502,PEOPLES NB,1264,4,3
503,PEOPLES UNITED BK,500888,682,2
504,PEOPLES UNITED BK NA,347073,486,2
505,PEOPLESBANK,11133,6,3
506,PERL MORTGAGE,6479,12,3
507,PHH HOME LOANS LLC,138027,354,2
508,PHH MORTGAGE CO,67215,234,2
509,PILGRIM BK,78332,171,2
510,"PLAZA HOME MORTGAGE, INC.",137626,475,2
511,PMAC LENDING SERVICES INC,64128,203,2
512,PNC BK NA,346162,365,2
513,"POLI MORTGAGE GROUP, INC",270873,790,2
514,POLICE FCU,408,1,3
515,POLISH NAT CU,3016,5,3
516,PREFERRED BUSINESS EXCHANGE,599,20,3
517,PREMIA MORTGAGE LLC,7257,19,3
518,PREMIER SOURCE CU,25,1,3
519,PRESIDENTIAL BK FSB,6206,14,3
520,PRIMARY RESIDENTIAL MORTGAGE,79601,270,2
521,PRIME ALLI BK,825,1,3
522,PRIMELENDING A PLAINSCAPITAL C,267343,835,2
523,PRIVATE BK OF BUCKHEAD,2454,9,3
524,PROFICIO BK,1013,4,3
525,"PROSPECT MORTGAGE, LLC",772358,2279,1
526,"PROVIDENT FUNDING ASSOCIATES,",110154,360,2
527,PROVIDENT FUNDING GROUP INC,14682,51,3
528,PROVINCE MORTGAGE ASSOCIATES,24620,83,3
529,"PRYSMA LENDING GROUP, LLC",1327,5,3
530,PULTE MORTGAGE LLC,65570,197,2
531,QUAD CITY B&TC,350,1,3
532,"QUICKEN LOANS, INC.",1679597,5955,1
533,QUINCY CU,166665,825,2
534,QUONTIC BK FSB,320,1,3
535,QUORUM FCU,3550,6,3
536,RADIUS BK,23489,27,3
537,RADIUS FINANCIAL GROUP INC.,603111,2018,1
538,RANDOLPH SVG BK,330220,1113,2
539,RAYMOND JAMES BK NA,5807,10,3
540,RBC BK GA NA,1189,3,3
541,READING CO-OP BK,11432,27,3
542,REDWOOD RESIDENTIAL ACQ,2256,2,3
543,REGENCY MORTGAGE CORP.,11803,40,3
544,RELIANT BK,946,3,3
545,REPUBLIC STATE MORTGAGE,3714,14,3
546,RESIDENTIAL MORTGAGE SERVICES,1136229,3769,1
547,RESIDENTIAL MORTGAGE SOLUTIONS,1621,5,3
548,"RESMAC, INC.",13930,49,3
549,REVERSE MORTGAGE FUNDING LLC,1683,7,3
550,RHODE ISLAND CU,987,23,3
551,RIVER WKS CU,25410,80,3
552,ROCKLAND FCU,239972,1347,2
553,ROCKLAND TC,874926,2707,1
554,ROCKVILLE BK,15015,17,3
555,ROLLSTONE B&T,1503,4,3
556,ROSS MORTGAGE COMPANY,18856,57,3
557,ROUNDPOINT MORTGAGE COMPANY,15687,54,3
558,RTN FCU,36753,151,2
559,S-BK,12994,37,3
560,SAGE BK,331377,1025,2
561,SAINT MARYS BK CU,21,1,3
562,SAINT MARYS CU,11319,41,3
563,SALEM CO-OP BK,501,1,3
564,SALEM FIVE CENTS SVG BK,36732,18,2
565,"SALEM FIVE MORTGAGE CO., LLC",781213,2230,1
566,SALISBURY B&TC,451,1,3
567,SANFORD INST FOR SVG,266,1,3
568,SANTANDER BK NA,1239706,3654,1
569,SAUGUSBANK A CO-OP BK,18,1,3
570,SAVERS CO-OP BK,1232,3,3
571,SAVINGS BK,13491,38,3
572,SAVINGS INST BK & TR CO,222,1,3
573,SB1 FCU,417,1,3
574,SCHAEFER MORTGAGE CORP.,16472,63,3
575,SCIENT FCU,350,2,3
576,SCITUATE FSB,36684,97,2
577,SEAPORT CU,127,1,3
578,SECURITYNATIONAL MORTGAGE COMP,419,2,3
579,SEMPER HOME LOANS,8617,33,3
580,"SEMPER HOME LOANS, INC.",10027,33,3
581,SERVICE CU,3537,13,3
582,SHAMROCK FINANCIAL CORP,56177,207,2
583,SHANGHAI CMRL BK SF BR,1680,1,3
584,SHARON CU,131897,722,2
585,SHARONVIEW FCU,951,2,3
586,SHINHAN BK AMER,600,1,3
587,SHREWSBURY FCU,1138,5,3
588,SIERRA PACIFIC MORTGAGE,167640,566,2
589,SIGNATURE BK NA,650,1,3
590,SILICON VALLEY BK,44902,42,2
591,SIMSBURY B&TC,5333,18,3
592,"SIRVA MORTGAGE, INC.",6131,17,3
593,SOUTH SHORE BK,112487,228,2
594,SOUTHBRIDGE CU,259,1,3
595,SOUTHBRIDGE SVG BK,15621,31,3
596,SOUTHCOAST HEALTH SYS FCU,1517,19,3
597,SOUTHERN MA CU,6849,50,3
598,SPENCER SVG BK,9794,13,3
599,ST ANNES CU OF FALL RIVER,23715,118,3
600,ST JEANS CU,2183,10,3
601,STANFORD FCU,288,1,3
602,STATE DEPT FCU,161,1,3
603,STC CAP BK,1052,3,3
604,"STEARNS LENDING, INC.",380150,1315,2
605,STEPSTONE MORTGAGE COMPANY,2310,8,3
606,STERLING NB,2212,5,3
607,STIFEL B&T,18728,47,3
608,STONEGATE MORTGAGE LLC,4439,15,3
609,STONEHAMBK,45530,70,2
610,STOUGHTON CO-OP BK,28481,127,3
611,SUNTRUST BK,4112,132,3
612,SUNTRUST MTG,45073,136,2
613,T D BK NA,247635,573,2
614,TALMER B&TC,940,2,3
615,TAUNTON FCU,5244,25,3
616,TBI MORTGAGE COMPANY,50336,77,2
617,TEWKSBURY FCU,100,1,3
618,THE MONEY SOURCE,17782,59,3
619,THIRD FS&LA,20190,77,3
620,THRIVENT FCU,155,1,3
621,TIAA-CREF TC FSB,15908,43,3
622,TIDEWATER MORT. SERVICES INC,11642,37,3
623,TOP FLITE FINANCIAL,1131,4,3
624,"TOTAL MORTGAGE SERVICES, LLC",19432,61,3
625,TOWER FCU,430,2,3
626,TOWNE MORTGAGE COMPANY,259,1,3
627,TOYOTA FNCL SVG BK,4230,2,3
628,TRANSPORTATION FCU,85,3,3
629,TREMONT CU,23374,88,3
630,TRIANGLE CU,1000,1,3
631,TRIUMPH BK,179,1,3
632,U S BK NA,223141,649,2
633,UBS AG TAMPA BR,2064,8,3
634,UBS BK USA,79028,79,2
635,UKRAINIAN FCU,2883,13,3
636,UKRAINIAN SELFRELIANCE FCU,369,1,3
637,UMASSFIVE COLLEGE FCU,2246,18,3
638,UMB BK NA,1497,3,3
639,UNIBANK FOR SVG,41234,98,2
640,UNIFY FINANCIAL CREDIT UNION,1237,6,3
641,UNION YES FCU,2302502,5700,1
642,UNITED BANK MORTGAGE CORP,504,1,3
643,UNITED BK,76705,138,2
644,UNITED NATIONS FCU,1721,7,3
645,UNITED SHORE FINANCIAL SERVICE,416140,1345,2
646,UNITED ST SENATE EMPL FCU,227,5,3
647,"UNIVERSAL AMERICAN MTG CO.,LLC",856,2,3
648,UNIVERSITY ISLAMIC FINANCIAL,908,3,3
649,"URBAN FINANCIAL GROUP, INC.",1012,6,3
650,US MORTGAGE CORPORATION,1408,5,3
651,USAA FSB,148350,435,2
652,USALLIANCE FCU,39026,79,2
653,VANDYK MORTGAGE CORPORATION,105,1,3
654,VANGUARD FUNDING LLC,3175,10,3
655,VELOCITY COMMERCIAL CAPITAL,8980,34,3
656,VILLAGE BK,157801,170,2
657,VILLAGE MORTGAGE COMPANY,99753,314,2
658,WAKEFIELD CO-OP BK,27066,38,3
659,"WALKER & DUNLOP, LLC",227477,16,2
660,WALPOLE CO-OP BK,147198,278,2
661,WASHINGTON SVG BK,3149,7,3
662,WASHINGTON TC,4128,29,3
663,WASHINGTON TC OF WESTERLY,9887,28,3
664,WASHINGTON TR MTG CO LLC,439205,1094,2
665,"WATERMARK CAPITAL, INC.",10411,21,3
666,WATERSTONE BK,1366,1,3
667,WATERSTONE MORTGAGE CORP.,3105,7,3
668,WATERTOWN SVG BK,20439,47,3
669,WAVE FCU,363,2,3
670,WEBSTER BK NA,465199,915,2
671,WEBSTER FIRST FCU,16989,62,3
672,WEBSTER FIVE CENTS SVG BK,56735,83,2
673,WEI MORTGAGE CORPORATION,1276,4,3
674,WEICHERT FINANCIAL SERVICES,5800,16,3
675,WELLESLEY BK,305608,423,2
676,WELLS FARGO BK NA,2093657,4089,1
677,WEST TOWN B&TC,1418,4,3
678,WEST TOWN BANK & TRUST,1211,4,3
679,WESTERN FCU,1473,2,3
680,WESTSTAR MORTGAGE INC,6090,21,3
681,WEYMOUTH BK,36045,464,2
682,WHITNEY BK,1200,1,3
683,WILLAMETTE VALLEY BK,319,1,3
684,"WILLIAM RAVEIS MORTGAGE, LLC",250155,735,2
685,WILMINGTON SVG FUND SCTY FSB,1839,5,3
686,WINCHESTER CO-OP BK,31543,74,2
687,WINCHESTER SVG BK,24319,46,3
688,WINGS FNCL CU,1305,5,3
689,WINTER HILL BK,43904,95,2
690,WORCESTER CU,110,1,3
691,WORKERS CU,9247,32,3
692,WRENTHAM CO-OP BK,26752,235,3
693,WRIGHT PATMAN CONGRSSIONAL FCU,432,1,3
694,XCEED FNCL CU,145,1,3
