,panel_name,total_loan_amt,9in10yr_loan_amt,9in100yr_loan_amt,21in10yr_loan_amt,21in100yr_loan_amt
0,"1ST ALLIANCE LENDING, LLC",1607,0.0,0.0,0.0,254.0
1,ABINGTON BK,17685,0.0,0.0,3578.0,3578.0
2,ACADEMY MORTGAGE CORPORATION,6456,0.0,501.0,631.0,631.0
3,ACCESS NB,717,0.0,0.0,0.0,0.0
4,ADMIRALS BK,855,0.0,0.0,0.0,0.0
5,ADVANCIAL FCU,1160,0.0,0.0,261.0,261.0
6,ADVANTAGE BK,390,0.0,390.0,390.0,390.0
7,ALIGN CU,5520,0.0,542.0,542.0,542.0
8,ALLCOM CU,432,0.0,0.0,0.0,0.0
9,ALLIANT CU,20182,0.0,999.0,2295.0,3766.0
10,ALLIED MORTGAGE GROUP,4330,0.0,0.0,0.0,0.0
11,AMER AIRLINES FCU,1724,0.0,532.0,532.0,803.0
12,AMERICAN BK,2538,0.0,0.0,0.0,0.0
13,AMERICAN EQUITY MORTGAGE,531,0.0,0.0,0.0,0.0
14,"AMERICAN EQUITY MORTGAGE, INC",934,0.0,0.0,0.0,0.0
15,AMERICAN FEDERAL MORTGAGE COPR,689,0.0,0.0,0.0,0.0
16,AMERICAN FINANCE HOUSE LARIBA,266,0.0,0.0,0.0,0.0
17,AMERICAN FINANCIAL RESOURCES,10404,0.0,0.0,0.0,354.0
18,AMERICAN INTERNET MORTGAGE,7642,0.0,375.0,735.0,1371.0
19,AMERICAN NEIGHBORHOOD MORTGAGE,14800,0.0,1216.0,1619.0,3039.0
20,AMERISAVE MORTGAGE CORPORATION,16212,0.0,520.0,750.0,1702.0
21,ARK-LA-TEX FINANCIAL SERVICES,679,0.0,0.0,0.0,0.0
22,ASTORIA BK,1027,0.0,0.0,0.0,0.0
23,ASTORIA FEDERAL MTG. CORP.,14729,0.0,856.0,4187.0,4987.0
24,"ATLANTIC HOME LENDING, INC",4464,0.0,697.0,697.0,697.0
25,ATLANTIC HOME LOANS INC.,1781,0.0,280.0,280.0,280.0
26,AVIDIA BK,39263,0.0,8926.0,9516.0,10076.0
27,AVON CO-OP BK,1670,0.0,0.0,0.0,0.0
28,B2R FINANCE L.P.,3761,0.0,0.0,0.0,0.0
29,BAC FL BK,903,0.0,0.0,0.0,0.0
30,BANC OF CA NA,6185,0.0,1035.0,747.0,1035.0
31,BANGOR SVG BK,689,0.0,0.0,689.0,689.0
32,BANK FUND STAFF FCU,655,0.0,0.0,0.0,0.0
33,BANK OF AMER NA,653588,0.0,41285.0,51956.0,75046.0
34,BANK OF CANTON,193353,0.0,3642.0,10527.0,15675.0
35,BANK OF CAPE COD,3215,0.0,0.0,490.0,907.0
36,BANK OF EASTON,3248,0.0,0.0,0.0,0.0
37,BANK OF ENGLAND,6222,0.0,0.0,0.0,328.0
38,BANK OF ME,4873,0.0,0.0,0.0,0.0
39,BANK RHODE ISLAND,180,0.0,0.0,0.0,0.0
40,BANKGLOUCESTER,6601,0.0,706.0,706.0,2426.0
41,BARRINGTON B&TC NA,22413,0.0,0.0,1626.0,3086.0
42,BARRONS MORTGAGE GROUP,1619,0.0,0.0,0.0,0.0
43,BAXTER CU,9026,0.0,0.0,490.0,490.0
44,BAY ST SVG BK,13848,0.0,0.0,0.0,1328.0
45,BAYCOAST BK,6286,0.0,0.0,831.0,831.0
46,BCB CMNTY BK,100,0.0,0.0,0.0,0.0
47,BELMONT SVG BK,102661,0.0,3429.0,8514.0,11904.0
48,BENCHMARK BK,253,0.0,0.0,0.0,0.0
49,BERKELEY POINT CAPITAL,35984,0.0,0.0,0.0,0.0
50,BERKSHIRE BK,168981,0.0,9497.0,15058.0,27672.0
51,BETHPAGE FCU,380,0.0,0.0,0.0,0.0
52,BEVERLY BK,22717,0.0,6567.0,7324.0,10661.0
53,BEVERLY CO-OP BK,14385,0.0,680.0,2266.0,3141.0
54,BLUE HILLS BK,203379,0.0,3808.0,9283.0,17688.0
55,BMI FCU,432,0.0,0.0,0.0,0.0
56,BMO HARRIS BK NA,950,0.0,0.0,0.0,950.0
57,BNY MELLON NA,111079,0.0,6179.0,12477.0,16242.0
58,BOFI FED BK,8953,0.0,0.0,0.0,0.0
59,BOKF NA,3246,0.0,0.0,0.0,597.0
60,BOSTON FRFTRS CU,59678,0.0,1310.0,5655.0,6930.0
61,BOSTON PRIVATE B&TC,418113,1606.0,34507.0,40656.0,86897.0
62,BRAINTREE CO-OP BK,4448,0.0,0.0,0.0,0.0
63,BRANCH BKG&TC,12982,0.0,825.0,1304.0,1914.0
64,BRIDGEVIEW BANK MTG COMP LLC,752,0.0,0.0,0.0,0.0
65,BRIDGEWATER CU,1023,0.0,0.0,0.0,0.0
66,BRIDGEWATER SVG BK,9878,0.0,0.0,1304.0,2172.0
67,BRISTOL CTY SVG BK,7190,0.0,0.0,0.0,300.0
68,"BROKER SOLUTIONS, INC",6159,0.0,635.0,635.0,635.0
69,BROOKLINE BK,188880,0.0,2360.0,3203.0,6467.0
70,"CALIBER HOME LOANS, INC.",26986,0.0,1055.0,2120.0,3369.0
71,CAMBRIDGE MTG GRP,11944,0.0,0.0,924.0,1464.0
72,CAMBRIDGE PORTUGUESE CU,330,0.0,0.0,0.0,0.0
73,CAMBRIDGE SVG BK,159872,768.0,20165.0,21299.0,28659.0
74,CAMBRIDGE TC,102257,0.0,6411.0,8154.0,12978.0
75,CAMDEN NB,9737,0.0,280.0,280.0,809.0
76,CAPE ANN SVG BK,2025,0.0,0.0,0.0,394.0
77,CAPE COD CO-OP BK,3001,0.0,0.0,0.0,0.0
78,CAPE COD FIVE CENTS SVG BK,14772,0.0,1390.0,2308.0,2308.0
79,CAPITAL BANK NA,541,0.0,0.0,204.0,204.0
80,CAPITAL ONE NA,243063,0.0,0.0,608.0,1136.0
81,CATHAY BK,8404,0.0,611.0,1514.0,1514.0
82,CBC NB,6385,0.0,0.0,0.0,672.0
83,CENT MTG CO D/B/A CENTURY LEND,326,0.0,326.0,326.0,326.0
84,CENTRAL ONE FED CU,3053,0.0,0.0,0.0,0.0
85,CENTREVILLE BANK,959,0.0,542.0,542.0,542.0
86,CENTURY B&TC,56931,0.0,4018.0,5705.0,15860.0
87,CERTUSBANK NA,370,0.0,0.0,0.0,0.0
88,CHARLES RIVER BK,1361,0.0,0.0,0.0,0.0
89,CHARLES SCHWAB BK,25558,0.0,1423.0,1423.0,2423.0
90,CHELSEA BK,1332,0.0,0.0,0.0,150.0
91,CHEMUNG CANAL TC,701,0.0,0.0,0.0,0.0
92,CHICOPEE SVG BK,560,0.0,0.0,0.0,0.0
93,CIT BK NA,1007,0.0,0.0,0.0,0.0
94,CITIBANK NA,277478,0.0,12133.0,11816.0,22782.0
95,CITIZENS BK NA,197867,912.0,6449.0,15430.0,23436.0
96,"CITIZENS BK, NA",69835,0.0,2612.0,8965.0,11085.0
97,CITIZENS NB OF GREATER STL,168,0.0,0.0,0.0,0.0
98,CITY NB,853,0.0,353.0,353.0,353.0
99,CITY OF BOSTON CU,80377,0.0,1137.0,4106.0,5931.0
100,CLEARVIEW FCU,270,0.0,0.0,0.0,0.0
101,CLINTON SVG BK,27672,0.0,231.0,231.0,231.0
102,CNB MORTGAGE COMPANY,288,0.0,0.0,0.0,0.0
103,COASTAL HERITAGE BANK,2602,0.0,0.0,0.0,510.0
104,COASTAL HERITAGE BK,5908,0.0,0.0,622.0,622.0
105,COASTWAY CMNTY BK,19679,0.0,2005.0,2788.0,4846.0
106,COLE TAYLOR BK,6335,0.0,225.0,225.0,225.0
107,COLONIAL FSB,4001,0.0,0.0,1750.0,1750.0
108,COLONIAL SVG FA,177,0.0,0.0,0.0,0.0
109,COLORADO FSB,1430,0.0,0.0,0.0,0.0
110,COMERICA BK,7268,0.0,0.0,0.0,0.0
111,COMMERCE B&TC,46584,0.0,2609.0,2609.0,3324.0
112,COMMERCE BK,400,0.0,0.0,0.0,0.0
113,COMMONWEALTH CO-OP BK,35822,642.0,1912.0,3932.0,4455.0
114,"COMMONWEALTH MORTGAGE, LLC",48987,0.0,835.0,2441.0,5182.0
115,COMMUNITY CU OF LYNN,1520,0.0,0.0,0.0,0.0
116,COMMUNITY FSB,6749,0.0,0.0,0.0,269.0
117,COMPASS BK,879,0.0,0.0,0.0,0.0
118,CONGRESSIONAL BK,1263,0.0,0.0,0.0,316.0
119,CONNECTICUT HOME MORTGAGE,373,0.0,0.0,373.0,373.0
120,CONNEXUS CU,344,0.0,0.0,0.0,52.0
121,"CONTINENTAL HOME LOANS, INC",1412,0.0,0.0,0.0,0.0
122,CONTOUR MORTGAGE CORPORATION,308,0.0,0.0,0.0,0.0
123,COOPERATIVE BK,128513,0.0,740.0,1240.0,14488.0
124,"CORTRUST MORTGAGE, INC.",417,0.0,0.0,0.0,0.0
125,COUNTRY BK FOR SVG,370,0.0,0.0,0.0,0.0
126,COVENTRY CU,1772,0.0,0.0,0.0,0.0
127,CRESCENT CU,3212,0.0,0.0,0.0,0.0
128,CRESCENT MTG CO,5923,0.0,0.0,0.0,0.0
129,CROSSCOUNTRY MORTGAGE INC.,19529,0.0,439.0,439.0,2350.0
130,CUSTOMERS BK,19700,0.0,0.0,3850.0,3850.0
131,DB PRIVATE WEALTH MORTGAGE,10988,0.0,0.0,0.0,2813.0
132,DEAN CO-OP BK,1162,0.0,0.0,325.0,325.0
133,DEDHAM INST FOR SVG,133100,0.0,5608.0,6790.0,8380.0
134,DEVON BK,300,0.0,0.0,0.0,0.0
135,DIGITAL FCU,176930,49.0,12750.0,21625.0,33024.0
136,DIRECT FED CU,14704,0.0,0.0,0.0,396.0
137,DISCOVER HOME LOANS,10991,0.0,875.0,0.0,1584.0
138,DITECH FINANCIAL LLC,62445,154.0,2666.0,5657.0,8202.0
139,DITECH MORTGAGE CORP,8061,0.0,599.0,835.0,835.0
140,DOLLAR BK FSB,880,0.0,0.0,0.0,0.0
141,DRAPER AND KRAMER MORTGAGE COR,1630,0.0,0.0,0.0,1630.0
142,"DREW MORTGAGE ASSOCIATES, INC.",11729,0.0,767.0,1450.0,2168.0
143,"E MORTGAGE MANAGEMENT, LLC",8607,0.0,0.0,461.0,931.0
144,EAGLE BK,8082,0.0,800.0,800.0,1499.0
145,EAST BOSTON SAVINGS BANK,237778,875.0,19082.0,25768.0,64721.0
146,EAST BOSTON SVG BK,374095,2629.0,70392.0,91944.0,108944.0
147,EAST CAMBRIDGE SVG BK,84680,0.0,2384.0,5158.0,13637.0
148,EAST WEST BK,25227,0.0,0.0,775.0,1903.0
149,EASTERN BK,342480,0.0,14086.0,21981.0,36554.0
150,EASTHAMPTON SVG BK,1235,0.0,871.0,259.0,871.0
151,EDISON NB,523,0.0,0.0,523.0,523.0
152,"EMBRACE HOME LOANS, INC.",20533,0.0,0.0,1406.0,1406.0
153,EMIGRANT FUNDING CORP,2715,0.0,300.0,300.0,1340.0
154,"EMIGRANT MORTGAGE COMPANY, INC",2520,0.0,1727.0,1727.0,1727.0
155,EMPLOYERS REASSURANCE CORP,2050,0.0,0.0,0.0,0.0
156,ENERGY CU,2208,0.0,0.0,0.0,0.0
157,ENTERPRISE B&TC,16153,0.0,0.0,854.0,1894.0
158,"ENVOY MORTGAGE, LTD",16445,0.0,665.0,1888.0,2607.0
159,EQUITABLE BANK,2066,0.0,0.0,976.0,976.0
160,EQUITABLE CO-OP BK,356,0.0,0.0,0.0,0.0
161,"EQUITY LOANS, LLC",2438,0.0,0.0,386.0,386.0
162,EVERBANK,65790,0.0,3502.0,5314.0,7406.0
163,EVERENCE FCU,254,0.0,0.0,0.0,0.0
164,EVERETT CO-OP BK,35348,0.0,4740.0,7041.0,18036.0
165,EVOLVE B&TC,5370,0.0,375.0,375.0,672.0
166,FAIRWAY INDP MORTGAGE CORP,326321,195.0,11822.0,30784.0,42651.0
167,FALL RIVER FIVE CENTS SVGS BK,1170,0.0,0.0,0.0,0.0
168,FAMILY FED SVG,530,0.0,0.0,0.0,0.0
169,FARMERS B&TC,290,0.0,0.0,0.0,0.0
170,FARMINGTON BK,16500,0.0,1251.0,2216.0,3660.0
171,"FBC MORTGAGE, LLC",125232,0.0,4254.0,8899.0,13544.0
172,FEARON FINANCIAL LLC,560,0.0,0.0,0.0,0.0
173,FEDERAL SVGS BK,7839,0.0,0.0,209.0,209.0
174,FFC MORTGAGE CORP,1221,0.0,0.0,0.0,0.0
175,FIDELITY CO-OP BK,10595,0.0,896.0,1646.0,1856.0
176,FIFTH THIRD MTG CO,9092,0.0,248.0,248.0,1028.0
177,FINANCE OF AMERICA MORTGAGE,19141,0.0,766.0,2006.0,2006.0
178,FIRST AMERICAN MORTGAGE TRUST,6033,0.0,0.0,0.0,0.0
179,FIRST BK,556,0.0,0.0,0.0,0.0
180,FIRST CHOICE LOAN SERVICES INC,1940,0.0,355.0,355.0,355.0
181,FIRST CITIZENS FCU,132,0.0,0.0,0.0,0.0
182,FIRST COMMONS BK NA,67782,0.0,1544.0,13798.0,15506.0
183,FIRST FED BK OF FL,756,0.0,0.0,0.0,0.0
184,FIRST FSB OF BOSTON,31033,0.0,2080.0,2889.0,4299.0
185,FIRST GUARANTY MORTGAGE CORP,4557,0.0,382.0,382.0,382.0
186,FIRST HOME MORTGAGE CORPORATIO,32544,0.0,2134.0,3223.0,4136.0
187,FIRST INTERNET BK IN,3342,0.0,385.0,809.0,1084.0
188,FIRST IPSWICH BK,8601,0.0,400.0,400.0,867.0
189,FIRST MARINER BK,1681,0.0,415.0,415.0,415.0
190,FIRST MW BK,12,0.0,0.0,0.0,0.0
191,FIRST NB,524,0.0,0.0,0.0,0.0
192,FIRST NIAGARA BK NA,77541,0.0,2832.0,2832.0,2832.0
193,FIRST PRIORITY CU,7511,0.0,25.0,373.0,4720.0
194,FIRST REPUBLIC BK,1085079,0.0,60597.0,75974.0,129959.0
195,FIRST TECH FCU,859,0.0,0.0,0.0,0.0
196,FIRST TRADE UNION BK,5771,0.0,0.0,0.0,605.0
197,FIRSTBANK,6471,0.0,314.0,606.0,606.0
198,FIRSTRUST SVG BK,36938,0.0,3325.0,4402.0,6358.0
199,FLAGSTAR BK FSB,21357,0.0,1322.0,2131.0,2671.0
200,FORT SILL NB,818,0.0,0.0,0.0,0.0
201,FOUR POINTS FCU,189,0.0,0.0,0.0,0.0
202,FOXBORO FED SVGS,1238,0.0,0.0,0.0,0.0
203,FRANKLIN AMERICAN MORTGAGE CO,16645,0.0,683.0,1235.0,1278.0
204,"FRANKLIN FIRST FINANCIAL, LTD",3689,0.0,0.0,0.0,0.0
205,FRB FCU,80,0.0,0.0,0.0,0.0
206,FREEDOM MORTGAGE CORPORATION,39138,0.0,0.0,0.0,953.0
207,FRONTIER BK,1940,0.0,0.0,0.0,0.0
208,GA BKG CO,365,0.0,0.0,0.0,0.0
209,GATEWAY FUNDING DIV MTG SVCS,990,0.0,0.0,0.0,0.0
210,GEORGETOWN BK,18396,0.0,2035.0,2861.0,4893.0
211,GERMAN AMER BC,152,0.0,0.0,0.0,0.0
212,GERSHMAN INVESTMENT CORPORATIO,2391,0.0,0.0,0.0,0.0
213,GFA FCU,269,0.0,0.0,0.0,0.0
214,GLADEWATER NB,7165,0.0,0.0,904.0,904.0
215,GMH MORTGAGE SERVICES LLC,35953,0.0,799.0,2619.0,5527.0
216,GOLDMAN SACHS BK USA,58343,0.0,1036.0,2420.0,3947.0
217,GOLDWATER BK NA,2254,0.0,0.0,0.0,0.0
218,GORHAM SVG BK,620,0.0,0.0,0.0,0.0
219,GREAT LAKES CU,335,0.0,0.0,0.0,0.0
220,GREAT PLAINS NB,2541,0.0,0.0,0.0,0.0
221,GREYLOCK FCU,4,0.0,0.0,0.0,0.0
222,GUARANTEED RATE INC.,885002,305.0,40201.0,77410.0,120931.0
223,GUARANTY BK,1101,0.0,0.0,0.0,0.0
224,GUARDHILL FINANCIAL CORP,2758,0.0,0.0,0.0,0.0
225,"GUIDANCE RESIDENTIAL, LLC",2935,0.0,382.0,0.0,382.0
226,GUILD MORTGAGE COMPANY,912,0.0,0.0,0.0,0.0
227,HABIB AMER BK,6305,0.0,305.0,0.0,305.0
228,HANSCOM FCU,15247,0.0,772.0,772.0,1922.0
229,HARBORONE BK,18804,0.0,3230.0,3486.0,3486.0
230,HARVARD UNIV EMPL CU,53723,170.0,1809.0,2926.0,5624.0
231,HAVERHILL BK,1201,0.0,241.0,241.0,241.0
232,HINGHAM INST FOR SVG,285029,0.0,10334.0,13910.0,21704.0
233,HOLBROOK CO-OP BK,2268,0.0,750.0,750.0,750.0
234,HOME LOAN INV BK FSB,5476,0.0,0.0,0.0,195.0
235,HOME POINT FINANCIAL CORP,13879,0.0,0.0,0.0,637.0
236,HOMEBRIDGE FINANCIAL SERVICES,3718,0.0,196.0,196.0,196.0
237,HOMEFIELD CREDIT UNION,281,0.0,0.0,0.0,0.0
238,HOMESTAR BK & FS,2,0.0,0.0,0.0,0.0
239,HOMESTEAD FUNDING CORP,2922,0.0,0.0,392.0,392.0
240,HOMETOWN BK A CO-OP BK,1258,0.0,0.0,0.0,0.0
241,"HOMEWARD RESIDENTIAL, INC",1736,0.0,0.0,0.0,0.0
242,HOWARD BK,1557,0.0,0.0,0.0,0.0
243,HSBC BK USA NA,13753,0.0,0.0,0.0,0.0
244,HUDSON CITY SVG BK FSB,10959,0.0,417.0,1386.0,1386.0
245,HUNTINGTON NB,3626,0.0,0.0,0.0,0.0
246,IDB-IIC FCU,360,0.0,360.0,360.0,360.0
247,IFREEDOM DIRECT CORP,2169,0.0,0.0,0.0,0.0
248,INDUSTRIAL & CMRL BK,5962,0.0,0.0,0.0,0.0
249,INDUSTRIAL CU,2818,0.0,0.0,0.0,184.0
250,INLAND B&TC,415,0.0,0.0,0.0,0.0
251,INLANTA MORTGAGE,3065,0.0,357.0,357.0,549.0
252,INSTITUTION SVG IN NEWBURYPORT,50429,0.0,2106.0,3006.0,7469.0
253,INTEGRITY FIRST FINANCIAL GR,11669,0.0,0.0,0.0,225.0
254,INTERCONTINENTAL CAPITAL GROUP,4471,0.0,0.0,0.0,0.0
255,JAMES B. NUTTER & COMPANY,243,0.0,0.0,0.0,0.0
256,JEANNE D'ARC CU,98484,0.0,3061.0,7546.0,16256.0
257,JG WENTWORTH HOME LENDING LLC,1535,0.0,0.0,310.0,310.0
258,JPMORGAN CHASE BK NA,601760,0.0,25444.0,38934.0,114398.0
259,KANSAS ST BK OF MANHATTAN,413,0.0,0.0,0.0,0.0
260,"KELLER MORTGAGE, LLC",417,0.0,417.0,417.0,417.0
261,KEYBANK NA,131096,0.0,0.0,100174.0,100174.0
262,KINECTA FCU,2928,0.0,0.0,0.0,0.0
263,KS STATEBANK,4453,0.0,0.0,534.0,534.0
264,"LAKEVIEW LOAN SERVICING, LLC",10942,0.0,0.0,683.0,683.0
265,LAND HOME FINANCIAL SERVICES,1844,0.0,0.0,408.0,408.0
266,"LEADER MORTGAGE COMPANY, INC.",23949,0.0,417.0,1301.0,3078.0
267,LEE BK,409,0.0,0.0,0.0,409.0
268,LENOX FINANCIAL MORTGAGE CORP,739,0.0,0.0,0.0,0.0
269,LIBERTY BAY CU,17579,0.0,0.0,0.0,1230.0
270,LIBERTY HOME EQUITY SOLUTIONS,402,0.0,0.0,0.0,0.0
271,"LIVE WELL FINANCIAL, INC.",702,0.0,0.0,0.0,0.0
272,LOANDEPOT.COM,593367,0.0,30952.0,47579.0,70725.0
273,"LONGBRIDGE FINANCIAL, LLC",303,0.0,0.0,0.0,0.0
274,LOWELL FIVE CENT SVG BK,8946,0.0,645.0,1005.0,1585.0
275,LUXURY MORTGAGE CORP.,8133,0.0,275.0,275.0,1556.0
276,M&T RLTY CAP CORP,28009,0.0,0.0,0.0,0.0
277,MACHIAS SVG BK,505,0.0,0.0,0.0,0.0
278,MACKINAC SVG BK FSB,3985,0.0,0.0,0.0,0.0
279,MAGNOLIA BK,889,0.0,0.0,0.0,285.0
280,MANSFIELD CO-OP BK,28376,0.0,780.0,3105.0,3105.0
281,MANUFACTURERS & TRADERS TC,66305,0.0,810.0,810.0,1036.0
282,MARBLEHEAD BK,493,0.0,0.0,0.0,0.0
283,MARLBOROUGH SVG BK,1255,0.0,0.0,0.0,0.0
284,MARTHA'S VINEYARD SB,1388,0.0,0.0,0.0,0.0
285,MASS BAY CU,6846,0.0,0.0,65.0,270.0
286,MASSACHUSETTS INST TECH FC,1250,0.0,0.0,0.0,175.0
287,MASSMUTUAL FCU,535,0.0,0.0,0.0,0.0
288,MAVERICK FUNDING,4761,0.0,0.0,0.0,0.0
289,MB FNCL BK NA,20579,0.0,1226.0,1965.0,3516.0
290,MECHANICS CO-OP BK,14416,0.0,1541.0,1541.0,1541.0
291,MEETINGHOUSE BK,96626,0.0,2031.0,8265.0,8895.0
292,MELROSE CO-OP BK,11973,0.0,1050.0,3050.0,3050.0
293,"MEMBERS MORTGAGE COMPANY, INC.",48033,0.0,2983.0,4506.0,7984.0
294,MEMBERS PLUS CU,8384,0.0,0.0,314.0,566.0
295,MERIDIAN BK,779,0.0,0.0,779.0,779.0
296,MERRIMACK MORTGAGE COMPANY,44615,0.0,362.0,3382.0,3952.0
297,MERRIMACK VALLEY FCU,4428,0.0,0.0,0.0,1698.0
298,METRO CU,108269,375.0,5152.0,6350.0,13893.0
299,METROPOLITAN HOME MORTGAGE,993,0.0,0.0,0.0,364.0
300,"MID AMERICA MORTGAGE, INC",388,0.0,0.0,0.0,0.0
301,MID-ISLAND MORTGAGE CORP.,11406,0.0,0.0,817.0,817.0
302,MIDDLESEX FED SVG FA,18822,0.0,431.0,431.0,2681.0
303,MIDDLESEX SVG BK,57258,0.0,3614.0,4322.0,6030.0
304,MIDFIRST BK,585,0.0,0.0,0.0,0.0
305,MIDWEST CMNTY BK,507,0.0,0.0,0.0,0.0
306,"MILEND, INC.",4969,0.0,0.0,288.0,288.0
307,MILFORD FS&LA,2398,0.0,0.0,0.0,451.0
308,MILFORD NB&TC,2000,0.0,0.0,0.0,0.0
309,MILITARY FAMILY HOME LOANS,713,0.0,0.0,0.0,260.0
310,MILLBURY FCU,485,0.0,0.0,0.0,0.0
311,MILLBURY SVG BK,1160,0.0,0.0,0.0,0.0
312,MLD MORTGAGE INC.,1208,0.0,0.0,0.0,0.0
313,"MMS MORTGAGE SERVICES, LTD.",218,0.0,0.0,0.0,0.0
314,MONSON SVG BK,1207,0.0,0.0,0.0,0.0
315,MORGAN STANLEY PRIV BK NA,112239,0.0,7527.0,9824.0,16058.0
316,MORTGAGE EQUITY PARTNERS,25961,0.0,753.0,1203.0,1787.0
317,"MORTGAGE FINANCIAL SERVICES,IN",46180,0.0,2278.0,6685.0,9902.0
318,MORTGAGE LENDERS OF AMERICA,1165,0.0,0.0,0.0,0.0
319,"MORTGAGE MASTER, INC.",187245,0.0,9868.0,14683.0,21662.0
320,"MORTGAGE NETWORK, INC",210835,0.0,10885.0,18209.0,26367.0
321,"MORTGAGE RESEARCH CENTER, LLC",7291,0.0,0.0,345.0,775.0
322,MOUNTAINONE BK,93935,2575.0,7417.0,14863.0,17663.0
323,"MOVEMENT MORTGAGE, LLC",2318,0.0,417.0,417.0,417.0
324,MSA MORTGAGE LLC,193754,1111.0,18526.0,28580.0,51063.0
325,MUTUAL BK,3608,0.0,0.0,0.0,876.0
326,MUTUAL FIRST FCU,14391,0.0,2374.0,3162.0,9636.0
327,MUTUALONE BK,30088,0.0,0.0,4560.0,5835.0
328,MWABANK,568,0.0,0.0,0.0,0.0
329,NATIONAL BK OF KANSAS CITY,1217,0.0,0.0,0.0,0.0
330,NATIONS LENDING CORPORATION,2290,0.0,587.0,587.0,587.0
331,NATIONSTAR MORTGAGE LLC,40046,0.0,1168.0,2883.0,3925.0
332,NATIONWIDE ADVANTAGE MORTGAGE,276,0.0,0.0,0.0,0.0
333,NAVEO CU,1927,0.0,0.0,0.0,0.0
334,NAVIGANT CU,2307,0.0,0.0,0.0,674.0
335,NAVY FCU,14196,0.0,1055.0,1380.0,1387.0
336,NBKC BK,667,0.0,0.0,0.0,350.0
337,NBT BK NA,280,0.0,0.0,0.0,0.0
338,NCB FSB,800,0.0,0.0,0.0,0.0
339,NE MOVES MORTGAGE,45593,0.0,1265.0,2599.0,3875.0
340,NEEDHAM BK,287129,0.0,7028.0,14814.0,19570.0
341,NESC FCU,204,0.0,0.0,0.0,0.0
342,NETWORK CAPITAL FUNDING GROUP,2888,0.0,0.0,0.0,0.0
343,"NETWORK FUNDING, L.P.",621,0.0,0.0,0.0,0.0
344,NEW ENGLAND FCU,1492,0.0,0.0,0.0,0.0
345,NEW ENGLAND REGIONAL MORTGAGE,470,0.0,470.0,470.0,470.0
346,NEW ENGLAND TEAMSTERS FCU,627,0.0,0.0,0.0,400.0
347,NEW FED MORTGAGE CORP,46314,0.0,2462.0,4216.0,9086.0
348,NEW PENN FINANCIAL LLC,30777,0.0,1707.0,3363.0,3937.0
349,NEW YORK CMNTY BK,23057,0.0,1190.0,2243.0,2643.0
350,NEWBURYPORT FIVE CNT SVG BK,2226,0.0,0.0,0.0,0.0
351,"NEWDAY FINANCIAL, LLC",7358,0.0,0.0,1399.0,1399.0
352,NEXBANK SSB,560,0.0,0.0,0.0,0.0
353,"NFC MORTGAGE COMPANY, LLC",5452,0.0,0.0,565.0,565.0
354,"NFM, INC",1910,0.0,202.0,202.0,202.0
355,NORCOM MORTGAGE,15620,0.0,545.0,1237.0,1237.0
356,NORTH AMER SVG BK FSB,6141,0.0,752.0,752.0,1907.0
357,NORTH BROOKFIELD SVG BK,1161,0.0,0.0,0.0,0.0
358,NORTH CAMBRIDGE CO-OP BK,1228,0.0,0.0,0.0,0.0
359,NORTH EASTON SVG BK,1177,0.0,0.0,450.0,450.0
360,NORTH MIDDLESEX SVG BK,5246,0.0,0.0,0.0,0.0
361,NORTH SHORE BK A CO-OP BK,10522,0.0,1788.0,1788.0,1788.0
362,NORTHEAST BK,5029,0.0,928.0,813.0,1940.0
363,NORTHEAST CMNTY BK,8369,0.0,0.0,0.0,0.0
364,"NORTHEAST HOME LOAN, LLC",15484,0.0,0.0,0.0,204.0
365,NORTHERN B&TC,54839,0.0,3032.0,4106.0,9958.0
366,NORTHERN TC,17535,0.0,0.0,0.0,175.0
367,NORTHMARK BK,6273,0.0,516.0,516.0,2143.0
368,"NORTHPOINT MORTGAGE, INC.",5640,0.0,0.0,276.0,640.0
369,NORTHPOINTE BK,1566,0.0,641.0,641.0,965.0
370,NORWOOD CO-OP BK,26482,0.0,286.0,286.0,533.0
371,NOTRE DAME FCU,455,0.0,0.0,0.0,0.0
372,NRL FCU,225,0.0,0.0,0.0,0.0
373,NYCB MORTGAGE COMPANY LLC,16543,0.0,616.0,616.0,1757.0
374,OCEANSIDE MORTGAGE COMPANY,1769,0.0,0.0,0.0,0.0
375,"OCMBC, INC",1127,0.0,0.0,0.0,0.0
376,"OCWEN LOAN SERVICING, LLC",69979,0.0,2035.0,4838.0,5760.0
377,ONEUNITED BK,4419,0.0,0.0,0.0,0.0
378,OPTIMA B&TC,244,0.0,244.0,244.0,244.0
379,PACIFIC UNION FINANCIAL LLC,20114,0.0,1363.0,3198.0,4016.0
380,PARAMOUNT RESIDENTIAL MORTGAGE,2936,0.0,323.0,323.0,792.0
381,PARKSIDE LENDING LLC,3521,0.0,0.0,0.0,0.0
382,PATHFINDER BK,660,0.0,660.0,660.0,660.0
383,PATRIOT COMNTY BK,47234,0.0,4189.0,4352.0,7718.0
384,PENNYMAC LOAN SERVICES LLC,6354,0.0,0.0,0.0,0.0
385,PENTAGON FCU,2625,0.0,272.0,388.0,418.0
386,PENTUCKET BK,980,0.0,0.0,0.0,0.0
387,PEOPLES BK,10644,0.0,0.0,0.0,0.0
388,PEOPLES FSB,23939,0.0,0.0,0.0,0.0
389,PEOPLES NB,212,0.0,0.0,0.0,0.0
390,PEOPLES UNITED BK,207454,0.0,8479.0,16958.0,25508.0
391,PEOPLES UNITED BK NA,141942,0.0,5625.0,11979.0,19517.0
392,PEOPLESBANK,10265,0.0,7500.0,7500.0,7640.0
393,PERL MORTGAGE,3507,0.0,0.0,0.0,0.0
394,PHH HOME LOANS LLC,31759,0.0,1593.0,3636.0,5197.0
395,PHH MORTGAGE CO,11984,0.0,1241.0,1374.0,1975.0
396,PILGRIM BK,29580,0.0,2220.0,2735.0,6766.0
397,"PLAZA HOME MORTGAGE, INC.",30507,0.0,282.0,1201.0,1618.0
398,PMAC LENDING SERVICES INC,23029,0.0,1870.0,2125.0,3910.0
399,PNC BK NA,136110,0.0,1000.0,1941.0,1941.0
400,"POLI MORTGAGE GROUP, INC",57897,0.0,1674.0,3109.0,3911.0
401,POLICE FCU,408,0.0,0.0,0.0,0.0
402,POLISH NAT CU,817,0.0,0.0,0.0,0.0
403,PREFERRED BUSINESS EXCHANGE,46,0.0,0.0,0.0,0.0
404,PREMIA MORTGAGE LLC,1678,0.0,0.0,0.0,0.0
405,PRESIDENTIAL BK FSB,3335,0.0,0.0,1459.0,1459.0
406,PRIMARY RESIDENTIAL MORTGAGE,14089,0.0,392.0,1265.0,2058.0
407,PRIME ALLI BK,825,0.0,0.0,0.0,0.0
408,PRIMELENDING A PLAINSCAPITAL C,55947,618.0,6996.0,9909.0,19137.0
409,PRIVATE BK OF BUCKHEAD,236,0.0,236.0,236.0,236.0
410,PROFICIO BK,326,0.0,0.0,0.0,0.0
411,"PROSPECT MORTGAGE, LLC",290293,0.0,26770.0,40242.0,54619.0
412,"PROVIDENT FUNDING ASSOCIATES,",16903,0.0,0.0,0.0,0.0
413,PROVIDENT FUNDING GROUP INC,2468,0.0,0.0,0.0,648.0
414,PROVINCE MORTGAGE ASSOCIATES,1826,0.0,353.0,353.0,733.0
415,"PRYSMA LENDING GROUP, LLC",345,0.0,0.0,0.0,0.0
416,QUAD CITY B&TC,350,0.0,0.0,0.0,0.0
417,"QUICKEN LOANS, INC.",345239,497.0,10049.0,17359.0,25500.0
418,QUINCY CU,5688,0.0,0.0,1460.0,1460.0
419,QUONTIC BK FSB,320,0.0,0.0,0.0,0.0
420,QUORUM FCU,1378,0.0,988.0,1378.0,1378.0
421,RADIUS BK,19828,0.0,0.0,0.0,1280.0
422,RADIUS FINANCIAL GROUP INC.,58830,0.0,2572.0,3458.0,5703.0
423,RANDOLPH SVG BK,56795,0.0,764.0,4904.0,5431.0
424,RAYMOND JAMES BK NA,888,0.0,535.0,535.0,535.0
425,RBC BK GA NA,350,0.0,0.0,0.0,0.0
426,READING CO-OP BK,6894,0.0,0.0,0.0,1115.0
427,REDWOOD RESIDENTIAL ACQ,1456,0.0,0.0,0.0,0.0
428,REGENCY MORTGAGE CORP.,1348,0.0,0.0,0.0,0.0
429,REPUBLIC STATE MORTGAGE,355,0.0,0.0,0.0,0.0
430,RESIDENTIAL MORTGAGE SERVICES,284560,962.0,12384.0,23234.0,29437.0
431,"RESMAC, INC.",3706,0.0,0.0,0.0,0.0
432,REVERSE MORTGAGE FUNDING LLC,238,0.0,0.0,0.0,0.0
433,RHODE ISLAND CU,125,0.0,0.0,0.0,0.0
434,RIVER WKS CU,12426,0.0,1068.0,1870.0,3444.0
435,ROCKLAND FCU,12630,0.0,125.0,780.0,780.0
436,ROCKLAND TC,176467,0.0,3175.0,5208.0,10365.0
437,ROCKVILLE BK,3140,0.0,0.0,0.0,1305.0
438,ROLLSTONE B&T,480,0.0,0.0,0.0,0.0
439,ROSS MORTGAGE COMPANY,1668,0.0,0.0,0.0,0.0
440,ROUNDPOINT MORTGAGE COMPANY,3497,0.0,368.0,618.0,618.0
441,RTN FCU,17286,0.0,0.0,15.0,50.0
442,S-BK,2033,0.0,0.0,0.0,0.0
443,SAGE BK,117200,412.0,2777.0,7806.0,14343.0
444,SAINT MARYS CU,1622,0.0,0.0,0.0,0.0
445,SALEM CO-OP BK,501,0.0,0.0,0.0,0.0
446,SALEM FIVE CENTS SVG BK,32102,0.0,0.0,1775.0,2225.0
447,"SALEM FIVE MORTGAGE CO., LLC",189003,0.0,13064.0,18306.0,29833.0
448,SALISBURY B&TC,451,0.0,0.0,0.0,0.0
449,SANTANDER BK NA,338364,469.0,17632.0,26941.0,41304.0
450,SAVINGS BK,8714,0.0,470.0,470.0,1753.0
451,SCHAEFER MORTGAGE CORP.,1889,0.0,0.0,0.0,0.0
452,SCITUATE FSB,5007,0.0,484.0,1114.0,1114.0
453,SECURITYNATIONAL MORTGAGE COMP,319,0.0,0.0,0.0,0.0
454,SEMPER HOME LOANS,383,0.0,0.0,0.0,0.0
455,SERVICE CU,916,0.0,0.0,0.0,0.0
456,SHAMROCK FINANCIAL CORP,5097,0.0,248.0,248.0,248.0
457,SHANGHAI CMRL BK SF BR,1680,0.0,0.0,0.0,0.0
458,SHARON CU,7616,0.0,0.0,0.0,0.0
459,SHREWSBURY FCU,448,0.0,0.0,0.0,0.0
460,SIERRA PACIFIC MORTGAGE,42626,268.0,873.0,2435.0,5004.0
461,SIGNATURE BK NA,650,0.0,0.0,0.0,650.0
462,SILICON VALLEY BK,20621,0.0,0.0,719.0,719.0
463,SIMSBURY B&TC,1095,0.0,568.0,568.0,568.0
464,"SIRVA MORTGAGE, INC.",1136,0.0,0.0,486.0,486.0
465,SOUTH SHORE BK,20682,0.0,1876.0,3629.0,5047.0
466,SOUTHBRIDGE SVG BK,3768,0.0,953.0,2141.0,2641.0
467,SOUTHERN MA CU,172,0.0,0.0,0.0,0.0
468,SPENCER SVG BK,8719,0.0,0.0,0.0,0.0
469,ST ANNES CU OF FALL RIVER,3186,0.0,0.0,490.0,490.0
470,ST JEANS CU,507,0.0,0.0,0.0,0.0
471,STATE DEPT FCU,161,0.0,0.0,0.0,0.0
472,"STEARNS LENDING, INC.",58772,0.0,826.0,4616.0,6670.0
473,STEPSTONE MORTGAGE COMPANY,1074,0.0,391.0,0.0,391.0
474,STERLING NB,1685,0.0,0.0,0.0,435.0
475,STIFEL B&T,10246,0.0,248.0,950.0,950.0
476,STONEGATE MORTGAGE LLC,835,0.0,0.0,0.0,0.0
477,STONEHAMBK,32376,0.0,1986.0,2726.0,3726.0
478,STOUGHTON CO-OP BK,1215,0.0,0.0,0.0,0.0
479,SUNTRUST BK,498,0.0,0.0,0.0,0.0
480,SUNTRUST MTG,11849,0.0,631.0,788.0,1168.0
481,T D BK NA,88987,0.0,7692.0,8188.0,10865.0
482,TALMER B&TC,940,0.0,0.0,0.0,0.0
483,THE MONEY SOURCE,1445,0.0,0.0,0.0,356.0
484,THIRD FS&LA,3192,0.0,0.0,200.0,200.0
485,THRIVENT FCU,155,0.0,0.0,0.0,0.0
486,TIAA-CREF TC FSB,4414,0.0,321.0,321.0,441.0
487,TIDEWATER MORT. SERVICES INC,2209,0.0,0.0,0.0,516.0
488,TOP FLITE FINANCIAL,375,0.0,0.0,0.0,0.0
489,"TOTAL MORTGAGE SERVICES, LLC",7098,0.0,308.0,308.0,308.0
490,TOWER FCU,280,0.0,0.0,0.0,0.0
491,TRANSPORTATION FCU,50,0.0,0.0,0.0,0.0
492,TREMONT CU,11907,0.0,0.0,120.0,120.0
493,U S BK NA,42964,0.0,1006.0,3730.0,5471.0
494,UBS AG TAMPA BR,715,0.0,0.0,0.0,0.0
495,UBS BK USA,36933,0.0,7207.0,8423.0,10803.0
496,UMASSFIVE COLLEGE FCU,775,0.0,0.0,0.0,0.0
497,UMB BK NA,1217,0.0,0.0,0.0,0.0
498,UNIBANK FOR SVG,14393,0.0,1369.0,1766.0,2086.0
499,UNIFY FINANCIAL CREDIT UNION,343,0.0,0.0,0.0,85.0
500,UNION YES FCU,790334,183.0,34737.0,68792.0,113627.0
501,UNITED BANK MORTGAGE CORP,504,0.0,0.0,0.0,0.0
502,UNITED BK,45465,0.0,1197.0,1900.0,3666.0
503,UNITED NATIONS FCU,546,0.0,250.0,0.0,250.0
504,UNITED SHORE FINANCIAL SERVICE,89647,0.0,6686.0,11245.0,15351.0
505,UNIVERSITY ISLAMIC FINANCIAL,191,0.0,0.0,0.0,0.0
506,"URBAN FINANCIAL GROUP, INC.",298,0.0,0.0,0.0,0.0
507,US MORTGAGE CORPORATION,1264,0.0,268.0,268.0,268.0
508,USAA FSB,27290,0.0,0.0,1209.0,2150.0
509,USALLIANCE FCU,20455,0.0,3282.0,3282.0,5418.0
510,VANGUARD FUNDING LLC,1027,0.0,0.0,0.0,0.0
511,VELOCITY COMMERCIAL CAPITAL,3954,0.0,0.0,0.0,350.0
512,VILLAGE BK,17895,0.0,0.0,0.0,805.0
513,VILLAGE MORTGAGE COMPANY,24601,0.0,1292.0,2513.0,2961.0
514,WAKEFIELD CO-OP BK,15953,0.0,1151.0,1151.0,1151.0
515,"WALKER & DUNLOP, LLC",73196,0.0,0.0,23668.0,23668.0
516,WALPOLE CO-OP BK,43806,0.0,450.0,450.0,2267.0
517,WASHINGTON SVG BK,1260,0.0,0.0,0.0,0.0
518,WASHINGTON TC,1917,0.0,0.0,37.0,532.0
519,WASHINGTON TC OF WESTERLY,5218,0.0,0.0,653.0,1153.0
520,WASHINGTON TR MTG CO LLC,211143,0.0,12290.0,22504.0,34761.0
521,"WATERMARK CAPITAL, INC.",2388,0.0,413.0,413.0,413.0
522,WATERSTONE BK,1366,0.0,0.0,0.0,0.0
523,WATERSTONE MORTGAGE CORP.,2310,0.0,606.0,973.0,973.0
524,WATERTOWN SVG BK,14010,0.0,0.0,323.0,1367.0
525,WEBSTER BK NA,172573,0.0,6769.0,11406.0,19620.0
526,WEBSTER FIRST FCU,5187,0.0,1115.0,1175.0,1735.0
527,WEBSTER FIVE CENTS SVG BK,33742,0.0,612.0,1469.0,3113.0
528,WEI MORTGAGE CORPORATION,417,0.0,0.0,0.0,0.0
529,WELLESLEY BK,115402,0.0,6276.0,10388.0,12658.0
530,WELLS FARGO BK NA,818276,161.0,38470.0,72640.0,103183.0
531,WESTSTAR MORTGAGE INC,504,0.0,0.0,0.0,0.0
532,WEYMOUTH BK,765,0.0,0.0,44.0,44.0
533,"WILLIAM RAVEIS MORTGAGE, LLC",49621,0.0,2181.0,2923.0,3836.0
534,WILMINGTON SVG FUND SCTY FSB,766,0.0,0.0,0.0,0.0
535,WINCHESTER CO-OP BK,17388,0.0,1232.0,1232.0,4259.0
536,WINCHESTER SVG BK,12472,0.0,3324.0,3495.0,5272.0
537,WINGS FNCL CU,304,0.0,0.0,0.0,0.0
538,WINTER HILL BK,28599,0.0,2746.0,3064.0,7372.0
539,WORKERS CU,3008,0.0,310.0,563.0,563.0
540,WRENTHAM CO-OP BK,127,0.0,0.0,0.0,0.0
